<application>
  <component name="GitRememberedInputs">
    <option name="visitedUrls">
      <list>
        <UrlAndUserName>
          <option name="url" value="http://gitee.com" />
          <option name="userName" value="496347430@qq.com" />
        </UrlAndUserName>
        <UrlAndUserName>
          <option name="url" value="https://gitee.com/binfengshen/open-platform.git" />
          <option name="userName" value="" />
        </UrlAndUserName>
        <UrlAndUserName>
          <option name="url" value="https://gitee.com/xuxueli0323/xxl-job.git" />
          <option name="userName" value="" />
        </UrlAndUserName>
        <UrlAndUserName>
          <option name="url" value="https://github.com/xuxueli/xxl-job.git" />
          <option name="userName" value="" />
        </UrlAndUserName>
        <UrlAndUserName>
          <option name="url" value="https://github.com/aws0me/xxl-job.git" />
          <option name="userName" value="" />
        </UrlAndUserName>
        <UrlAndUserName>
          <option name="url" value="https://gitee.com/hezj1993/xxl-job.git" />
          <option name="userName" value="" />
        </UrlAndUserName>
      </list>
    </option>
    <option name="cloneParentDir" value="$USER_HOME$/IdeaProjects" />
  </component>
  <component name="Vcs.Log.App.Settings">
    <option name="SHOW_CHANGES_FROM_PARENTS" value="true" />
  </component>
  <component name="VcsApplicationSettings">
    <option name="SHOW_LST_GUTTER_MARKERS" value="false" />
  </component>
</application>