<application>
  <component name="AppStorage">
    <histories>
      <item value="avenger" />
      <item value="retrieval" />
      <item value="eval" />
      <item value="retri" />
      <item value="数据交互" />
      <item value="交互" />
      <item value="yaml" />
      <item value="刷新" />
      <item value="flash" />
      <item value="flush" />
      <item value="描述" />
      <item value="值" />
      <item value="parse" />
      <item value="Hyphen" />
    </histories>
    <option name="languageScores">
      <map>
        <entry key="CHINESE" value="3" />
        <entry key="ENGLISH" value="3" />
      </map>
    </option>
  </component>
</application>